{
    "#details": {
        "elapsed": "05:34:24",
        "iterations": 50,
        "max_seed": 10
    },
    "I640": {
        "i640-001": 0.0,
        "i640-002": 0.0,
        "i640-003": 0.0,
        "i640-004": 0.0,
        "i640-005": 0.0,
        "i640-011": 0.0,
        "i640-012": 0.00016227180527387058,
        "i640-013": 0.001917465610671075,
        "i640-014": 0.0,
        "i640-015": 0.0,
        "i640-021": 0.0019439679817038827,
        "i640-022": 0.002448747152619564,
        "i640-023": 0.005530216647662511,
        "i640-024": 0.002284408909194746,
        "i640-025": 0.004985673352435556,
        "i640-031": 0.0,
        "i640-032": 0.0,
        "i640-033": 0.0,
        "i640-034": 0.0,
        "i640-035": 0.0,
        "i640-041": 0.02277279915656302,
        "i640-042": 0.00635987590486037,
        "i640-043": 0.002278612118073584,
        "i640-044": 0.004953560371516981,
        "i640-045": 0.012272240085744958,
        "i640-101": 0.0,
        "i640-102": 0.0,
        "i640-103": 0.0,
        "i640-104": 0.0,
        "i640-105": 0.0006338979528214033,
        "i640-111": 0.0023350089184367823,
        "i640-112": 0.018972081218274168,
        "i640-113": 0.010705712914066192,
        "i640-114": 0.008877615726062143,
        "i640-115": 0.006015763229853569,
        "i640-121": 0.0,
        "i640-122": 0.0,
        "i640-123": 0.0,
        "i640-124": 0.0,
        "i640-125": 0.0,
        "i640-131": 0.0,
        "i640-132": 0.0,
        "i640-133": 0.001795287370651993,
        "i640-134": 0.0,
        "i640-135": 0.0,
        "i640-141": 0.00936718599730714,
        "i640-142": 0.009917196225688426,
        "i640-143": 0.00879861378513666,
        "i640-144": 0.006013448607108584,
        "i640-145": 0.010272134917593018,
        "i640-201": 0.0005597363020088314,
        "i640-202": 0.0,
        "i640-203": 0.0,
        "i640-204": 0.00044337705523743627,
        "i640-205": 0.00017453057294183048,
        "i640-211": 0.016947596795727667,
        "i640-212": 0.01116574819838921,
        "i640-213": 0.008291943766310296,
        "i640-214": 0.012590351319549444,
        "i640-215": 0.010744143696713788,
        "i640-221": 0.0,
        "i640-222": 7.144315166367908e-05,
        "i640-223": 2.0385281826595412e-05,
        "i640-224": 0.0,
        "i640-225": 0.0,
        "i640-231": 0.0006793659251365877,
        "i640-232": 0.0002050580997949419,
        "i640-233": 0.0,
        "i640-234": 0.003440110504505642,
        "i640-235": 0.004222117138417888,
        "i640-241": 0.008797653958944282,
        "i640-242": 0.007032859244727879,
        "i640-243": 0.009642682329906999,
        "i640-244": 0.00890103455006839,
        "i640-245": 0.010339430695490632,
        "i640-301": 0.0006732585268304169,
        "i640-302": 0.001014518103900679,
        "i640-303": 0.0008570410934508704,
        "i640-304": 0.0005623688707200484,
        "i640-305": 0.001304954032504062,
        "i640-311": 0.006068601583113457,
        "i640-312": 0.009946604791591035,
        "i640-313": 0.002077856703395126,
        "i640-314": 0.001186777507207475,
        "i640-315": 0.005192853564868886,
        "i640-321": 3.8592654531444255e-05,
        "i640-322": 0.0,
        "i640-323": 0.0,
        "i640-324": 0.0,
        "i640-325": 0.0,
        "i640-331": 0.0012804935040658686,
        "i640-332": 0.0016405001410172725,
        "i640-333": 0.004253158578344516,
        "i640-334": 0.002242330714552971,
        "i640-335": 0.002730335773207854,
        "i640-341": 0.003667061981149741,
        "i640-342": 0.002254675089123727,
        "i640-343": 0.003067312197407488,
        "i640-344": 0.002719514863555375,
        "i640-345": 0.0034412702381696114
    },
    "PUC": {
        "bip42p": 0.021872085006286218,
        "bip42u": 0.041101694915254186,
        "bip52p": 0.04075267063524423,
        "bip52u": 0.04743589743589741,
        "bip62p": 0.02250142275532986,
        "bip62u": 0.03698630136986299,
        "bipa2p": 0.03161410858857507,
        "bipa2u": 0.05029585798816568,
        "bipe2p": 0.01401353276353273,
        "bipe2u": 0.018518518518518517,
        "cc10-2p": 0.026922967957616877,
        "cc10-2u": 0.04093567251461988,
        "cc11-2p": 0.03210691279078925,
        "cc11-2u": 0.044444444444444516,
        "cc12-2p": 0.03682971941935167,
        "cc12-2u": 0.050255972696245814,
        "cc3-10p": 0.015659254619480114,
        "cc3-10u": 0.02,
        "cc3-11p": 0.01154537286612756,
        "cc3-11u": 0.014379084967320188,
        "cc3-12p": 0.014474662700520557,
        "cc3-12u": 0.017297297297297235,
        "cc3-4p": 0.0,
        "cc3-4u": 0.0,
        "cc3-5p": 8.194482381867848e-05,
        "cc3-5u": 0.0,
        "cc5-3p": 0.015687080421975613,
        "cc5-3u": 0.018309859154929536,
        "cc6-2p": 0.0,
        "cc6-2u": 0.0,
        "cc6-3p": 0.018455846077947636,
        "cc6-3u": 0.036040609137055805,
        "cc7-3p": 0.0356731632599165,
        "cc7-3u": 0.04845173041894357,
        "cc9-2p": 0.02430955288098137,
        "cc9-2u": 0.041916167664670656,
        "hc10p": 0.026543137615599396,
        "hc10u": 0.03530434782608688,
        "hc11p": 0.02114367489036923,
        "hc11u": 0.03257641921397376,
        "hc12p": 0.022394270497026737,
        "hc12u": 0.040141467727674705,
        "hc6p": 0.0,
        "hc6u": 0.0,
        "hc7p": 0.0007590132827324478,
        "hc7u": 0.0,
        "hc8p": 0.007747030413784149,
        "hc8u": 0.007432432432432394,
        "hc9p": 0.018070894782091132,
        "hc9u": 9.282758620689656
    }
}