{
    "#details": {
        "elapsed": "09:44:57",
        "iterations": 512,
        "max_seed": 10
    },
    "I640": {
        "i640-311": -0.002688515483960642,
        "i640-312": 0.0037823935590283447,
        "i640-313": -0.0034733486212874627,
        "i640-314": -0.0025023091779326967,
        "i640-315": -0.0004424778761062352
    },
    "PUC": {
        "bip52p": 0.017691429503384225,
        "bip52u": 0.018376068376068425,
        "bip62p": 0.0078623648382436,
        "bip62u": 0.02009132420091327,
        "bipa2p": 0.014043480722414044,
        "bipa2u": 0.020710059171597635,
        "cc10-2p": 0.012867949117488656,
        "cc10-2u": 0.0137426900584795,
        "cc11-2p": 0.015729788473956893,
        "cc11-2u": 0.016339869281045753,
        "cc12-2p": 0.01956963321387875,
        "cc12-2u": 0.01476109215017061,
        "cc3-10p": 0.011094581897901717,
        "cc3-10u": 0.013600000000000024,
        "cc3-11p": 0.005179052753176789,
        "cc3-11u": 0.008496732026143865,
        "cc3-12p": 0.00823329438011261,
        "cc3-12u": 0.011891891891891831,
        "cc7-3p": 0.01714114685117693,
        "cc7-3u": 0.015118397085610118,
        "cc9-2p": 0.011291354148497048,
        "hc10p": 0.016258340719434036,
        "hc10u": 0.02991304347826095,
        "hc11p": 0.010348809962173248,
        "hc11u": 0.03004366812227082,
        "hc12p": 0.011811824485437746,
        "hc12u": 0.0368258178603007,
        "hc8u": 0.0013513513513512744,
        "hc9p": 0.004616096818993404,
        "hc9u": 9.168965517241379
    }
}